{
  "project_info": {
    "project_number": "246381588248",
    "firebase_url": "https://pokeroom-29c55-default-rtdb.firebaseio.com",
    "project_id": "pokeroom-29c55",
    "storage_bucket": "pokeroom-29c55.appspot.com"
  },
  "client": [
    {
      "client_info": {
        "mobilesdk_app_id": "1:246381588248:android:1d38bc891c66c3d9a2786d",
        "android_client_info": {
          "package_name": "com.DIP.pokeroom"
        }
      },
      "oauth_client": [
        {
          "client_id": "246381588248-o6ur5qs94nt7nta52tfnjhn1hgvnjp4f.apps.googleusercontent.com",
          "client_type": 3
        }
      ],
      "api_key": [
        {
          "current_key": "AIzaSyCWNuV_j-f9diEgsavddtOCIXKmTj8CNUA"
        }
      ],
      "services": {
        "appinvite_service": {
          "other_platform_oauth_client": [
            {
              "client_id": "246381588248-o6ur5qs94nt7nta52tfnjhn1hgvnjp4f.apps.googleusercontent.com",
              "client_type": 3
            }
          ]
        }
      }
    }
  ],
  "configuration_version": "1"
}